[
  { "library": "React", "hoursSaved": 50000, "projectsUsing": 25000, "efficiency": 2.0 },
  { "library": "Express", "hoursSaved": 35000, "projectsUsing": 18000, "efficiency": 1.94 },
  { "library": "Angular", "hoursSaved": 32000, "projectsUsing": 15000, "efficiency": 2.13 },
  { "library": "Vue", "hoursSaved": 28000, "projectsUsing": 12000, "efficiency": 2.33 },
  { "library": "Spring Boot", "hoursSaved": 30000, "projectsUsing": 14000, "efficiency": 2.14 },
  { "library": "Laravel", "hoursSaved": 26000, "projectsUsing": 11000, "efficiency": 2.36 },
  { "library": "Django", "hoursSaved": 22000, "projectsUsing": 8500, "efficiency": 2.59 },
  { "library": "Flask", "hoursSaved": 19000, "projectsUsing": 9500, "efficiency": 2.0 }
]