[
  {
    "id": 1,
    "name": "React",
    "language": "JavaScript",
    "version": "18.2.0",
    "projectsUsing": 25000,
    "monthlyDownloads": 20000000,
    "hoursSaved": 50000,
    "githubStars": 215000,
    "growthRate": 15.5,
    "status": "active",
    "createdAt": "2023-01-01T00:00:00.000Z",
    "updatedAt": "2024-12-01T00:00:00.000Z"
  },
  {
    "id": 2,
    "name": "Express",
    "language": "JavaScript",
    "version": "4.18.2",
    "projectsUsing": 18000,
    "monthlyDownloads": 25000000,
    "hoursSaved": 35000,
    "githubStars": 63000,
    "growthRate": 8.2,
    "status": "active",
    "createdAt": "2023-02-01T00:00:00.000Z",
    "updatedAt": "2024-12-01T00:00:00.000Z"
  },
  {
    "id": 3,
    "name": "Vue",
    "language": "JavaScript",
    "version": "3.3.4",
    "projectsUsing": 12000,
    "monthlyDownloads": 4500000,
    "hoursSaved": 28000,
    "githubStars": 205000,
    "growthRate": 12.8,
    "status": "active",
    "createdAt": "2023-03-01T00:00:00.000Z",
    "updatedAt": "2024-12-01T00:00:00.000Z"
  },
  {
    "id": 4,
    "name": "Angular",
    "language": "TypeScript",
    "version": "16.2.0",
    "projectsUsing": 15000,
    "monthlyDownloads": 3200000,
    "hoursSaved": 32000,
    "githubStars": 92000,
    "growthRate": 5.7,
    "status": "active",
    "createdAt": "2023-04-01T00:00:00.000Z",
    "updatedAt": "2024-12-01T00:00:00.000Z"
  },
  {
    "id": 5,
    "name": "Django",
    "language": "Python",
    "version": "4.2.3",
    "projectsUsing": 8500,
    "monthlyDownloads": 1800000,
    "hoursSaved": 22000,
    "githubStars": 75000,
    "growthRate": 7.3,
    "status": "active",
    "createdAt": "2023-05-01T00:00:00.000Z",
    "updatedAt": "2024-12-01T00:00:00.000Z"
  },
  {
    "id": 6,
    "name": "Laravel",
    "language": "PHP",
    "version": "10.32.1",
    "projectsUsing": 11000,
    "monthlyDownloads": 2200000,
    "hoursSaved": 26000,
    "githubStars": 76000,
    "growthRate": 9.1,
    "status": "active",
    "createdAt": "2023-06-01T00:00:00.000Z",
    "updatedAt": "2024-12-01T00:00:00.000Z"
  },
  {
    "id": 7,
    "name": "Spring Boot",
    "language": "Java",
    "version": "3.1.5",
    "projectsUsing": 14000,
    "monthlyDownloads": 1900000,
    "hoursSaved": 30000,
    "githubStars": 70000,
    "growthRate": 6.8,
    "status": "active",
    "createdAt": "2023-07-01T00:00:00.000Z",
    "updatedAt": "2024-12-01T00:00:00.000Z"
  },
  {
    "id": 8,
    "name": "Flask",
    "language": "Python",
    "version": "2.3.3",
    "projectsUsing": 9500,
    "monthlyDownloads": 1600000,
    "hoursSaved": 19000,
    "githubStars": 66000,
    "growthRate": 4.2,
    "status": "active",
    "createdAt": "2023-08-01T00:00:00.000Z",
    "updatedAt": "2024-12-01T00:00:00.000Z"
  }
]