[
  {
    "id": 1,
    "libraryId": 1,
    "month": "2024-01",
    "projects": 24000,
    "downloads": 18000000,
    "hoursSaved": 48000,
    "createdAt": "2024-01-01T00:00:00.000Z"
  },
  {
    "id": 2,
    "libraryId": 1,
    "month": "2024-02",
    "projects": 24500,
    "downloads": 19000000,
    "hoursSaved": 49000,
    "createdAt": "2024-02-01T00:00:00.000Z"
  },
  {
    "id": 3,
    "libraryId": 1,
    "month": "2024-03",
    "projects": 25000,
    "downloads": 20000000,
    "hoursSaved": 50000,
    "createdAt": "2024-03-01T00:00:00.000Z"
  },
  {
    "id": 4,
    "libraryId": 2,
    "month": "2024-01",
    "projects": 17500,
    "downloads": 23000000,
    "hoursSaved": 33000,
    "createdAt": "2024-01-01T00:00:00.000Z"
  },
  {
    "id": 5,
    "libraryId": 2,
    "month": "2024-02",
    "projects": 17800,
    "downloads": 24000000,
    "hoursSaved": 34000,
    "createdAt": "2024-02-01T00:00:00.000Z"
  },
  {
    "id": 6,
    "libraryId": 2,
    "month": "2024-03",
    "projects": 18000,
    "downloads": 25000000,
    "hoursSaved": 35000,
    "createdAt": "2024-03-01T00:00:00.000Z"
  },
  {
    "id": 7,
    "libraryId": 3,
    "month": "2024-01",
    "projects": 11500,
    "downloads": 4200000,
    "hoursSaved": 26500,
    "createdAt": "2024-01-01T00:00:00.000Z"
  },
  {
    "id": 8,
    "libraryId": 3,
    "month": "2024-02",
    "projects": 11800,
    "downloads": 4350000,
    "hoursSaved": 27200,
    "createdAt": "2024-02-01T00:00:00.000Z"
  },
  {
    "id": 9,
    "libraryId": 3,
    "month": "2024-03",
    "projects": 12000,
    "downloads": 4500000,
    "hoursSaved": 28000,
    "createdAt": "2024-03-01T00:00:00.000Z"
  },
  {
    "id": 10,
    "libraryId": 4,
    "month": "2024-01",
    "projects": 14500,
    "downloads": 3000000,
    "hoursSaved": 30500,
    "createdAt": "2024-01-01T00:00:00.000Z"
  },
  {
    "id": 11,
    "libraryId": 4,
    "month": "2024-02",
    "projects": 14750,
    "downloads": 3100000,
    "hoursSaved": 31250,
    "createdAt": "2024-02-01T00:00:00.000Z"
  },
  {
    "id": 12,
    "libraryId": 4,
    "month": "2024-03",
    "projects": 15000,
    "downloads": 3200000,
    "hoursSaved": 32000,
    "createdAt": "2024-03-01T00:00:00.000Z"
  }
]