[
  { "month": "Jan", "React": 18000000, "Vue": 4200000, "Angular": 3000000, "Express": 23000000 },
  { "month": "Feb", "React": 19000000, "Vue": 4350000, "Angular": 3100000, "Express": 24000000 },
  { "month": "Mar", "React": 20000000, "Vue": 4500000, "Angular": 3200000, "Express": 25000000 },
  { "month": "Apr", "React": 21000000, "Vue": 4650000, "Angular": 3300000, "Express": 26000000 },
  { "month": "May", "React": 22000000, "Vue": 4800000, "Angular": 3400000, "Express": 27000000 },
  { "month": "Jun", "React": 23000000, "Vue": 4950000, "Angular": 3500000, "Express": 28000000 }
]